constructor_name,year,total_wins,total_podiums,total_points,total_races,avg_position,total_dnf,win_rate
AFM,1952,0,0,0.0,3,13.666666666666666,3,0.0
AFM,1953,0,0,0.0,4,25.75,4,0.0
AGS,1986,0,0,0.0,2,21.0,2,0.0
AGS,1987,0,0,1.0,14,14.642857142857142,14,0.0
AGS,1988,0,0,0.0,16,16.75,16,0.0
AGS,1989,0,0,1.0,31,30.741935483870968,31,0.0
AGS,1990,0,0,0.0,32,26.5625,32,0.0
AGS,1991,0,0,0.0,28,28.714285714285715,28,0.0
ATS,1963,0,0,0.0,17,19.235294117647058,17,0.0
ATS,1978,0,0,0.0,32,19.1875,31,0.0
ATS,1979,0,0,2.0,15,16.933333333333334,14,0.0
ATS,1980,0,0,0.0,18,17.333333333333332,18,0.0
ATS,1981,0,0,1.0,16,19.4375,16,0.0
ATS,1982,0,0,4.0,32,18.3125,32,0.0
ATS,1983,0,0,0.0,15,17.4,15,0.0
ATS,1984,0,0,0.0,17,17.235294117647058,17,0.0
Adams,1950,0,0,0.0,2,27.0,2,0.0
Alfa Romeo,1950,6,12,89.0,22,6.454545454545454,9,27.27
Alfa Romeo,1951,5,11,75.0,30,7.133333333333334,21,16.67
Alfa Romeo,1963,0,0,0.0,1,15.0,1,0.0
Alfa Romeo,1965,0,0,0.0,1,10.0,1,0.0
Alfa Romeo,1979,0,0,0.0,7,18.285714285714285,7,0.0
Alfa Romeo,1980,0,0,4.0,26,16.423076923076923,25,0.0
Alfa Romeo,1981,0,1,10.0,30,12.066666666666666,25,0.0
Alfa Romeo,1982,0,1,7.0,32,14.84375,32,0.0
Alfa Romeo,1983,0,2,18.0,30,15.166666666666666,26,0.0
Alfa Romeo,1984,0,1,11.0,32,15.25,32,0.0
Alfa Romeo,1985,0,0,0.0,32,16.9375,32,0.0
Alfa Romeo,2019,0,0,57.0,42,12.738095238095237,30,0.0
Alfa Romeo,2020,0,0,8.0,34,13.852941176470589,22,0.0
Alfa Romeo,2021,0,0,13.0,44,13.204545454545455,34,0.0
Alfa Romeo,2022,0,0,53.0,44,13.204545454545455,23,0.0
Alfa Romeo,2023,0,0,16.0,44,14.0,20,0.0
AlphaTauri,2020,1,1,107.0,34,10.705882352941176,16,2.94
AlphaTauri,2021,0,1,142.0,44,11.272727272727273,24,0.0
AlphaTauri,2022,0,0,35.0,44,13.522727272727273,23,0.0
AlphaTauri,2023,0,0,22.0,44,13.613636363636363,20,0.0
Alpine F1 Team,2021,1,2,155.0,44,10.25,24,2.27
Alpine F1 Team,2022,0,0,170.0,44,9.863636363636363,15,0.0
Alpine F1 Team,2023,0,2,110.0,44,11.272727272727273,12,0.0
Alpine F1 Team,2024,0,2,63.0,48,13.3125,30,0.0
Alta,1950,0,0,0.0,3,12.666666666666666,3,0.0
Alta,1951,0,0,0.0,1,15.0,1,0.0
Alta,1952,0,0,0.0,2,14.0,2,0.0
Amon,1974,0,0,0.0,5,28.0,5,0.0
Andrea Moda,1992,0,0,0.0,15,30.133333333333333,15,0.0
Apollon,1977,0,0,0.0,1,33.0,1,0.0
Arrows,1978,0,1,11.0,28,16.071428571428573,24,0.0
Arrows,1979,0,0,5.0,30,14.266666666666667,28,0.0
Arrows,1980,0,1,11.0,29,14.241379310344827,27,0.0
Arrows,1981,0,2,10.0,30,17.7,28,0.0
Arrows,1982,0,0,5.0,30,14.9,30,0.0
Arrows,1983,0,0,4.0,30,11.933333333333334,29,0.0
Arrows,1984,0,0,6.0,32,15.28125,32,0.0
Arrows,1985,0,1,14.0,32,11.09375,31,0.0
Arrows,1986,0,0,1.0,31,12.419354838709678,31,0.0
Arrows,1987,0,0,11.0,32,13.84375,31,0.0
Arrows,1988,0,1,23.0,32,12.09375,27,0.0
Arrows,1989,0,1,13.0,32,13.0625,28,0.0
Arrows,1990,0,0,2.0,32,16.375,32,0.0
Arrows,1997,0,1,9.0,34,14.029411764705882,28,0.0
Arrows,1998,0,0,6.0,32,16.0625,30,0.0
Arrows,1999,0,0,1.0,32,14.9375,30,0.0
Arrows,2000,0,0,7.0,34,15.235294117647058,31,0.0
Arrows,2001,0,0,1.0,34,13.970588235294118,33,0.0
Arrows,2002,0,0,2.0,24,14.958333333333334,23,0.0
Arzani-Volpini,1955,0,0,0.0,1,23.0,1,0.0
Aston Butterworth,1952,0,0,0.0,4,25.25,4,0.0
Aston Martin,1959,0,0,0.0,8,11.125,8,0.0
Aston Martin,1960,0,0,0.0,3,17.0,3,0.0
Aston Martin,2021,0,1,77.0,44,12.0,28,0.0
Aston Martin,2022,0,0,55.0,44,11.886363636363637,16,0.0
Aston Martin,2023,0,8,266.0,44,8.909090909090908,8,0.0
Aston Martin,2024,0,0,94.0,48,11.770833333333334,22,0.0
BAR,1999,0,0,0.0,32,14.59375,30,0.0
BAR,2000,0,0,20.0,34,10.647058823529411,24,0.0
BAR,2001,0,2,17.0,34,11.205882352941176,25,0.0
BAR,2002,0,0,7.0,34,12.676470588235293,30,0.0
BAR,2003,0,0,26.0,32,11.84375,24,0.0
BAR,2004,0,11,119.0,36,7.833333333333333,13,0.0
BAR,2005,0,2,38.0,34,11.529411764705882,24,0.0
BMW,1952,0,0,0.0,4,16.75,4,0.0
BMW,1953,0,0,0.0,2,14.5,2,0.0
BMW Sauber,2006,0,2,36.0,36,10.86111111111111,22,0.0
BMW Sauber,2007,0,2,101.0,34,7.735294117647059,9,0.0
BMW Sauber,2008,1,11,135.0,36,6.055555555555555,5,2.78
BMW Sauber,2009,0,2,36.0,34,11.088235294117647,12,0.0
BRM,1951,0,0,2.0,4,13.75,4,0.0
BRM,1956,0,0,0.0,5,19.8,5,0.0
BRM,1957,0,0,0.0,6,13.5,6,0.0
BRM,1958,0,2,24.0,23,12.043478260869565,18,0.0
BRM,1959,1,2,22.5,22,9.090909090909092,19,4.55
BRM,1960,0,1,8.0,23,12.391304347826088,22,0.0
BRM,1961,0,1,9.0,16,13.375,12,0.0
BRM,1962,4,8,62.0,26,10.846153846153847,17,15.38
BRM,1963,2,10,65.0,27,8.777777777777779,18,7.41
BRM,1964,2,7,70.0,38,9.763157894736842,30,5.26
BRM,1965,3,11,81.0,28,8.035714285714286,15,10.71
BRM,1966,1,4,34.0,25,10.12,22,4.0
BRM,1967,0,2,21.0,34,11.470588235294118,33,0.0
BRM,1968,0,4,28.0,32,10.21875,27,0.0
BRM,1969,0,1,7.0,25,11.68,25,0.0
BRM,1970,1,2,25.0,37,13.513513513513514,34,2.7
BRM,1971,2,4,42.0,38,11.421052631578947,30,5.26
BRM,1972,1,1,14.0,47,16.48936170212766,41,2.13
BRM,1973,0,0,13.0,44,13.454545454545455,38,0.0
BRM,1974,0,1,10.0,40,16.975,36,0.0
BRM,1975,0,0,0.0,11,18.636363636363637,11,0.0
BRM,1976,0,0,0.0,1,22.0,1,0.0
BRM,1977,0,0,0.0,10,28.3,10,0.0
BRM-Ford,1969,0,0,0.0,1,8.0,1,0.0
BRP,1963,0,0,6.0,5,10.8,5,0.0
BRP,1964,0,0,5.0,14,12.5,14,0.0
Behra-Porsche,1960,0,0,0.0,2,11.0,2,0.0
Bellasi,1970,0,0,0.0,5,23.4,5,0.0
Bellasi,1971,0,0,0.0,1,21.0,1,0.0
Benetton,1986,1,2,19.0,32,13.53125,31,3.12
Benetton,1987,0,2,28.0,32,11.90625,30,0.0
Benetton,1988,0,7,39.0,32,10.3125,23,0.0
Benetton,1989,1,4,39.0,32,12.5,24,3.12
Benetton,1990,2,8,71.0,32,8.3125,14,6.25
Benetton,1991,1,3,38.5,32,10.59375,21,3.12
Benetton,1992,1,13,91.0,32,8.0,12,3.12
Benetton,1993,1,11,72.0,32,9.9375,20,3.12
Benetton,1994,8,12,103.0,32,10.5,19,25.0
Benetton,1995,11,15,147.0,34,6.676470588235294,16,32.35
Benetton,1996,0,10,68.0,32,7.9375,14,0.0
Benetton,1997,1,8,67.0,34,7.5,11,2.94
Benetton,1998,0,2,33.0,32,9.125,20,0.0
Benetton,1999,0,1,16.0,32,11.625,22,0.0
Benetton,2000,0,3,20.0,34,11.647058823529411,26,0.0
Benetton,2001,0,1,10.0,34,12.647058823529411,30,0.0
Boro,1976,0,0,0.0,6,18.166666666666668,6,0.0
Boro,1977,0,0,0.0,2,21.0,2,0.0
Brabham,1962,0,0,6.0,3,9.0,2,0.0
Brabham,1963,0,4,33.0,20,9.35,16,0.0
Brabham,1970,1,5,35.0,28,10.892857142857142,20,3.57
Brabham,1971,0,1,7.0,25,15.2,21,0.0
Brabham,1972,0,0,7.0,32,13.9375,26,0.0
Brabham,1973,0,2,22.0,41,12.951219512195122,33,0.0
Brabham,1974,3,5,46.0,55,15.181818181818182,46,5.45
Brabham,1975,2,9,61.0,28,9.892857142857142,18,7.14
Brabham,1977,0,4,27.0,35,13.17142857142857,28,0.0
Brabham,1978,2,10,69.0,33,11.181818181818182,18,6.06
Brabham,1980,3,6,55.0,28,11.607142857142858,18,10.71
Brabham,1981,3,7,61.0,30,10.466666666666667,20,10.0
Brabham,1982,2,5,41.0,30,14.366666666666667,25,6.67
Brabham,1983,4,10,72.0,30,10.9,17,13.33
Brabham,1984,2,5,38.0,32,12.15625,26,6.25
Brabham,1985,1,2,26.0,32,13.59375,29,3.12
Brabham,1986,0,0,2.0,31,15.258064516129032,31,0.0
Brabham,1987,0,2,10.0,32,17.28125,31,0.0
Brabham,1989,0,1,8.0,32,15.5,32,0.0
Brabham,1990,0,0,2.0,32,20.03125,31,0.0
Brabham,1991,0,0,3.0,32,16.6875,31,0.0
Brabham,1992,0,0,0.0,21,26.904761904761905,21,0.0
Brabham-Alfa Romeo,1976,0,0,11.0,33,15.242424242424242,28,0.0
Brabham-Alfa Romeo,1979,0,0,7.0,26,16.076923076923077,25,0.0
Brabham-BRM,1964,0,1,7.0,17,13.588235294117647,16,0.0
Brabham-BRM,1965,0,0,5.0,18,11.166666666666666,17,0.0
Brabham-BRM,1966,0,0,1.0,6,12.0,6,0.0
Brabham-Climax,1964,2,5,36.0,33,10.121212121212121,29,6.06
Brabham-Climax,1965,0,6,39.0,39,10.538461538461538,30,0.0
Brabham-Climax,1966,0,0,1.0,11,11.909090909090908,11,0.0
Brabham-Climax,1967,0,0,2.0,8,9.75,8,0.0
Brabham-Climax,1968,0,0,0.0,1,10.0,1,0.0
Brabham-Climax,1969,0,0,0.0,1,17.0,1,0.0
Brabham-Ford,1964,0,0,0.0,1,23.0,1,0.0
Brabham-Ford,1965,0,0,0.0,2,11.5,2,0.0
Brabham-Ford,1967,0,0,0.0,1,7.0,0,0.0
Brabham-Ford,1969,2,9,68.0,36,8.36111111111111,25,5.56
Brabham-Ford,1976,0,0,0.0,13,22.846153846153847,13,0.0
Brabham-Ford,1979,0,0,0.0,5,14.2,5,0.0
Brabham-Repco,1966,4,9,63.0,16,6.5,9,25.0
Brabham-Repco,1967,4,14,100.0,27,5.814814814814815,14,14.81
Brabham-Repco,1968,0,2,12.0,32,12.78125,29,0.0
Brabham-Repco,1969,0,0,0.0,2,8.5,2,0.0
Brawn,2009,8,15,172.0,34,4.882352941176471,2,23.53
Bromme,1951,0,0,0.0,1,27.0,1,0.0
Bromme,1952,0,0,0.0,1,22.0,1,0.0
Bromme,1953,0,0,0.0,1,31.0,1,0.0
Bromme,1954,0,0,0.0,2,30.0,2,0.0
Bugatti,1956,0,0,0.0,1,17.0,1,0.0
Caterham,2012,0,0,0.0,40,16.75,35,0.0
Caterham,2013,0,0,0.0,38,17.894736842105264,33,0.0
Caterham,2014,0,0,0.0,34,17.823529411764707,32,0.0
Christensen,1959,0,0,0.0,1,27.0,1,0.0
Christensen,1960,0,0,0.0,1,18.0,1,0.0
Cisitalia,1952,0,0,0.0,1,34.0,1,0.0
Coloni,1987,0,0,0.0,2,26.5,2,0.0
Coloni,1988,0,0,0.0,16,22.625,16,0.0
Coloni,1989,0,0,0.0,32,32.6875,32,0.0
Coloni,1990,0,0,0.0,16,32.0,16,0.0
Coloni,1991,0,0,0.0,15,33.4,15,0.0
Connaught,1952,0,0,5.0,8,12.125,8,0.0
Connaught,1953,0,0,0.0,21,18.61904761904762,21,0.0
Connaught,1954,0,0,0.0,5,15.4,5,0.0
Connaught,1955,0,0,0.0,5,19.2,5,0.0
Connaught,1956,0,1,9.0,7,12.285714285714286,7,0.0
Connaught,1957,0,0,3.0,2,7.5,2,0.0
Connaught,1958,0,0,0.0,5,21.2,5,0.0
Connaught,1959,0,0,0.0,1,18.0,1,0.0
Connew,1972,0,0,0.0,1,21.0,1,0.0
Cooper,1950,0,0,0.0,1,19.0,1,0.0
Cooper,1952,0,1,12.0,16,11.625,16,0.0
Cooper,1953,0,0,0.0,19,13.526315789473685,19,0.0
Cooper,1954,0,0,0.0,6,24.166666666666668,6,0.0
Cooper,1955,0,0,0.0,1,12.0,1,0.0
Cooper,1956,0,0,0.0,1,11.0,1,0.0
Cooper,1957,0,0,2.0,16,12.875,16,0.0
Cooper,1958,2,5,38.0,42,10.976190476190476,33,4.76
Cooper,1962,0,0,0.0,1,12.0,1,0.0
Cooper-ATS,1967,0,0,0.0,1,15.0,1,0.0
Cooper-Alfa Romeo,1962,0,0,0.0,1,15.0,1,0.0
Cooper-BRM,1968,0,2,20.0,21,11.380952380952381,21,0.0
Cooper-Borgward,1959,0,0,0.0,3,13.0,3,0.0
Cooper-Castellotti,1960,0,0,3.0,6,13.5,6,0.0
Cooper-Climax,1959,5,13,97.5,49,10.489795918367347,36,10.2
Cooper-Climax,1960,6,15,102.0,55,9.381818181818181,41,10.91
Cooper-Climax,1961,0,1,24.0,52,15.576923076923077,39,0.0
Cooper-Climax,1962,1,7,45.0,29,9.793103448275861,21,3.45
Cooper-Climax,1963,0,4,32.0,34,10.529411764705882,31,0.0
Cooper-Climax,1964,0,2,16.0,23,11.565217391304348,21,0.0
Cooper-Climax,1965,0,1,14.0,23,12.434782608695652,22,0.0
Cooper-Climax,1967,0,1,6.0,2,10.0,1,0.0
Cooper-Climax,1968,0,0,0.0,1,16.0,1,0.0
Cooper-Ferrari,1966,0,0,0.0,2,11.0,2,0.0
Cooper-Ford,1965,0,0,0.0,2,21.5,2,0.0
Cooper-Maserati,1959,0,0,0.0,12,13.666666666666666,12,0.0
Cooper-Maserati,1960,0,0,3.0,21,14.952380952380953,20,0.0
Cooper-Maserati,1961,0,0,0.0,12,16.25,12,0.0
Cooper-Maserati,1963,0,0,0.0,2,19.0,2,0.0
Cooper-Maserati,1965,0,0,0.0,1,30.0,1,0.0
Cooper-Maserati,1966,1,6,49.0,40,9.2,36,2.5
Cooper-Maserati,1967,1,1,31.0,42,10.214285714285714,38,2.38
Cooper-Maserati,1968,0,0,0.0,3,13.666666666666666,3,0.0
Cooper-Maserati,1969,0,0,0.0,1,7.0,1,0.0
Cooper-OSCA,1959,0,0,0.0,1,11.0,1,0.0
Dallara,1988,0,0,0.0,16,18.125,16,0.0
Dallara,1989,0,1,8.0,32,15.15625,30,0.0
Dallara,1990,0,0,0.0,32,20.125,32,0.0
Dallara,1991,0,1,5.0,32,16.625,30,0.0
Dallara,1992,0,0,2.0,32,13.4375,31,0.0
De Tomaso,1962,0,0,0.0,1,30.0,1,0.0
De Tomaso,1963,0,0,0.0,3,23.666666666666668,3,0.0
De Tomaso,1970,0,0,0.0,10,16.2,10,0.0
De Tomaso-Alfa Romeo,1961,0,0,0.0,2,24.0,2,0.0
De Tomaso-Alfa Romeo,1962,0,0,0.0,1,23.0,1,0.0
De Tomaso-Ferrari,1963,0,0,0.0,1,28.0,1,0.0
De Tomaso-Osca,1961,0,0,0.0,2,26.0,2,0.0
De Tomaso-Osca,1962,0,0,0.0,1,28.0,1,0.0
Deidt,1950,0,2,10.0,3,12.0,3,0.0
Deidt,1951,0,0,0.0,4,15.5,4,0.0
Deidt,1952,0,0,0.0,1,24.0,1,0.0
Del Roy,1953,0,0,0.0,1,32.0,1,0.0
Derrington,1964,0,0,0.0,1,16.0,1,0.0
Dunn,1957,0,0,0.0,1,21.0,1,0.0
Dunn,1958,0,0,0.0,1,24.0,1,0.0
Dunn,1959,0,0,0.0,1,13.0,0,0.0
EMW,1953,0,0,0.0,1,20.0,1,0.0
ENB,1962,0,0,0.0,1,16.0,1,0.0
ERA,1950,0,0,0.0,8,13.25,8,0.0
ERA,1951,0,0,0.0,2,9.5,2,0.0
ERA,1952,0,0,0.0,3,19.333333333333332,3,0.0
Eagle-Climax,1966,0,0,4.0,8,12.25,8,0.0
Eagle-Climax,1967,0,0,0.0,4,15.75,4,0.0
Eagle-Climax,1969,0,0,0.0,1,14.0,1,0.0
Eagle-Weslake,1966,0,0,0.0,3,16.666666666666668,3,0.0
Eagle-Weslake,1967,1,2,13.0,13,13.153846153846153,12,7.69
Eagle-Weslake,1968,0,0,0.0,5,12.8,4,0.0
Elder,1959,0,0,0.0,1,23.0,1,0.0
Embassy Hill,1975,0,0,3.0,19,13.947368421052632,16,0.0
Emeryson,1956,0,0,0.0,1,25.0,1,0.0
Emeryson,1961,0,0,0.0,5,27.0,5,0.0
Emeryson,1962,0,0,0.0,5,17.6,5,0.0
Ensign,1973,0,0,0.0,7,19.0,7,0.0
Ensign,1974,0,0,0.0,11,21.0,11,0.0
Ensign,1975,0,0,1.0,11,16.181818181818183,10,0.0
Ensign,1976,0,0,2.0,14,14.857142857142858,13,0.0
Ensign,1977,0,0,10.0,25,15.36,19,0.0
Ensign,1978,0,0,1.0,24,19.625,22,0.0
Ensign,1979,0,0,0.0,15,20.2,15,0.0
Ensign,1980,0,0,0.0,16,20.0,16,0.0
Ensign,1981,0,0,5.0,16,15.25,15,0.0
Ensign,1982,0,0,0.0,15,22.533333333333335,15,0.0
Epperly,1955,0,0,0.0,1,14.0,1,0.0
Epperly,1957,1,2,15.0,2,1.5,0,50.0
Epperly,1958,1,2,20.0,4,3.0,0,25.0
Epperly,1959,0,0,5.0,4,12.0,1,0.0
Epperly,1960,0,1,4.0,6,18.833333333333332,4,0.0
Euro Brun,1988,0,0,0.0,32,22.5625,32,0.0
Euro Brun,1989,0,0,0.0,16,34.6875,16,0.0
Euro Brun,1990,0,0,0.0,28,31.035714285714285,28,0.0
Ewing,1950,0,0,0.0,1,17.0,1,0.0
Ewing,1960,0,0,0.0,2,26.5,2,0.0
Ferguson,1961,0,0,0.0,2,19.0,2,0.0
Ferrari,1950,0,4,21.0,15,9.466666666666667,13,0.0
Ferrari,1951,3,13,86.0,33,7.636363636363637,20,9.09
Ferrari,1952,7,17,120.5,49,10.551020408163266,34,14.29
Ferrari,1953,7,16,122.5,48,7.916666666666667,32,14.58
Ferrari,1954,2,14,80.28,47,9.48936170212766,37,4.26
Ferrari,1955,1,9,33.99,31,8.096774193548388,24,3.23
Ferrari,1956,6,14,82.0,43,8.511627906976743,30,13.95
Ferrari,1957,0,7,48.0,32,7.09375,25,0.0
Ferrari,1958,2,14,93.0,34,7.470588235294118,17,5.88
Ferrari,1959,2,9,67.0,29,7.344827586206897,19,6.9
Ferrari,1960,1,5,43.0,25,7.36,20,4.0
Ferrari,1961,5,14,99.0,27,7.703703703703703,10,18.52
Ferrari,1962,0,4,30.0,21,9.80952380952381,12,0.0
Ferrari,1963,1,3,27.0,20,11.85,17,5.0
Ferrari,1964,3,10,64.0,22,7.545454545454546,13,13.64
Ferrari,1965,0,4,32.0,23,8.782608695652174,17,0.0
Ferrari,1966,2,6,42.0,16,7.875,10,12.5
Ferrari,1967,0,4,23.0,16,6.875,12,0.0
Ferrari,1968,1,5,37.0,24,10.625,19,4.17
Ferrari,1969,0,1,7.0,11,8.909090909090908,10,0.0
Ferrari,1970,4,9,76.0,25,7.96,15,16.0
Ferrari,1971,2,7,44.0,28,12.464285714285714,20,7.14
Ferrari,1972,1,6,47.0,30,10.5,21,3.33
Ferrari,1973,0,0,14.0,19,11.0,15,0.0
Ferrari,1974,3,12,90.0,30,8.966666666666667,14,10.0
Ferrari,1975,6,11,89.5,28,7.071428571428571,9,21.43
Ferrari,1976,6,13,99.0,30,7.966666666666667,10,20.0
Ferrari,1977,4,16,114.0,34,7.5588235294117645,13,11.76
Ferrari,1978,5,9,65.0,32,9.5,16,15.62
Ferrari,1979,6,13,113.0,30,5.2,13,20.0
Ferrari,1980,0,0,8.0,28,12.25,26,0.0
Ferrari,1981,2,3,34.0,30,13.266666666666667,22,6.67
Ferrari,1982,3,11,74.0,27,10.925925925925926,16,11.11
Ferrari,1983,4,12,89.0,30,8.733333333333333,14,13.33
Ferrari,1984,1,8,57.5,32,10.375,21,3.12
Ferrari,1985,2,10,82.0,32,9.15625,20,6.25
Ferrari,1986,0,5,37.0,32,11.5625,28,0.0
Ferrari,1987,2,6,53.0,32,12.75,22,6.25
Ferrari,1988,1,8,65.0,32,10.53125,18,3.12
Ferrari,1989,3,9,59.0,30,13.6,21,10.0
Ferrari,1990,6,14,110.0,32,8.5625,13,18.75
Ferrari,1991,0,8,55.5,32,11.78125,17,0.0
Ferrari,1992,0,2,21.0,32,14.65625,29,0.0
Ferrari,1993,0,3,28.0,32,13.09375,26,0.0
Ferrari,1994,1,11,71.0,32,11.3125,21,3.12
Ferrari,1995,1,11,73.0,34,9.617647058823529,22,2.94
Ferrari,1996,3,9,70.0,32,9.875,20,9.38
Ferrari,1997,5,13,102.0,34,8.735294117647058,14,14.71
Ferrari,1998,6,19,133.0,32,5.40625,9,18.75
Ferrari,1999,6,17,128.0,32,5.34375,8,18.75
Ferrari,2000,10,21,170.0,34,5.794117647058823,9,29.41
Ferrari,2001,9,24,179.0,34,4.911764705882353,6,26.47
Ferrari,2002,15,27,221.0,34,4.147058823529412,6,44.12
Ferrari,2003,8,16,158.0,32,6.09375,10,25.0
Ferrari,2004,15,29,262.0,36,3.3055555555555554,3,41.67
Ferrari,2005,1,9,100.0,38,8.5,15,2.63
Ferrari,2006,9,19,201.0,36,5.25,7,25.0
Ferrari,2007,9,22,204.0,34,4.970588235294118,6,26.47
Ferrari,2008,8,19,172.0,36,6.527777777777778,10,22.22
Ferrari,2009,1,6,70.0,34,9.794117647058824,10,2.94
Ferrari,2010,5,15,396.0,38,6.631578947368421,5,13.16
Ferrari,2011,1,10,375.0,38,6.552631578947368,6,2.63
Ferrari,2012,3,15,400.0,40,6.825,5,7.5
Ferrari,2013,2,10,354.0,38,6.868421052631579,4,5.26
Ferrari,2014,0,2,216.0,38,8.473684210526315,9,0.0
Ferrari,2015,3,16,428.0,38,6.026315789473684,8,7.89
Ferrari,2016,0,11,398.0,42,7.404761904761905,8,0.0
Ferrari,2017,5,20,522.0,40,5.475,6,12.5
Ferrari,2018,6,24,571.0,42,4.928571428571429,5,14.29
Ferrari,2019,3,19,504.0,42,6.0,9,7.14
Ferrari,2020,0,3,131.0,34,10.705882352941176,15,0.0
Ferrari,2021,0,5,322.5,44,7.113636363636363,9,0.0
Ferrari,2022,4,20,519.0,44,6.681818181818182,9,9.09
Ferrari,2023,1,9,363.0,44,7.863636363636363,8,2.27
Ferrari,2024,5,22,595.0,48,5.145833333333333,5,10.42
Fittipaldi,1975,0,0,0.0,14,18.428571428571427,14,0.0
Fittipaldi,1976,0,0,3.0,20,17.6,19,0.0
Fittipaldi,1977,0,0,11.0,18,13.833333333333334,15,0.0
Fittipaldi,1978,0,1,17.0,16,11.5625,10,0.0
Fittipaldi,1979,0,0,1.0,17,15.882352941176471,17,0.0
Fittipaldi,1980,0,2,11.0,28,14.642857142857142,26,0.0
Fittipaldi,1981,0,0,0.0,28,21.0,28,0.0
Fittipaldi,1982,0,0,1.0,14,19.142857142857142,14,0.0
Fondmetal,1991,0,0,0.0,16,25.125,16,0.0
Fondmetal,1992,0,0,0.0,26,21.807692307692307,26,0.0
Footwork,1991,0,0,0.0,32,24.875,31,0.0
Footwork,1992,0,0,6.0,32,12.6875,32,0.0
Footwork,1993,0,0,4.0,32,14.9375,32,0.0
Footwork,1994,0,0,9.0,32,14.4375,30,0.0
Footwork,1995,0,1,5.0,34,15.882352941176471,34,0.0
Footwork,1996,0,0,1.0,32,14.5,31,0.0
Force India,2008,0,0,0.0,36,16.88888888888889,33,0.0
Force India,2009,0,1,13.0,34,13.941176470588236,18,0.0
Force India,2010,0,0,68.0,38,13.342105263157896,19,0.0
Force India,2011,0,0,69.0,38,11.31578947368421,25,0.0
Force India,2012,0,0,109.0,40,11.075,8,0.0
Force India,2013,0,0,77.0,38,12.947368421052632,18,0.0
Force India,2014,0,1,155.0,38,9.973684210526315,14,0.0
Force India,2015,0,1,136.0,38,10.526315789473685,24,0.0
Force India,2016,0,2,173.0,42,9.952380952380953,16,0.0
Force India,2017,0,0,187.0,40,8.35,19,0.0
Force India,2018,0,1,111.0,42,11.19047619047619,23,0.0
Forti,1995,0,0,0.0,34,16.470588235294116,34,0.0
Forti,1996,0,0,0.0,20,18.05,20,0.0
Frazer Nash,1952,0,0,3.0,4,13.5,4,0.0
Fry,1959,0,0,0.0,1,27.0,1,0.0
Gilby,1961,0,0,0.0,1,15.0,1,0.0
Gilby,1962,0,0,0.0,3,22.666666666666668,3,0.0
Gilby,1963,0,0,0.0,3,21.333333333333332,3,0.0
Gordini,1952,0,2,15.0,20,12.85,19,0.0
Gordini,1953,0,0,4.0,27,14.37037037037037,27,0.0
Gordini,1954,0,0,4.0,25,13.44,25,0.0
Gordini,1955,0,0,0.0,15,14.0,15,0.0
Gordini,1956,0,0,2.0,15,12.0,15,0.0
HRT,2010,0,0,0.0,38,18.94736842105263,38,0.0
HRT,2011,0,0,0.0,38,20.105263157894736,38,0.0
HRT,2012,0,0,0.0,40,20.475,39,0.0
HWM,1951,0,0,0.0,2,12.5,2,0.0
HWM,1952,0,0,2.0,25,16.16,25,0.0
HWM,1953,0,0,0.0,18,17.22222222222222,18,0.0
HWM,1954,0,0,0.0,1,17.0,1,0.0
HWM,1955,0,0,0.0,1,22.0,1,0.0
Haas F1 Team,2016,0,0,29.0,42,14.452380952380953,34,0.0
Haas F1 Team,2017,0,0,47.0,40,12.55,30,0.0
Haas F1 Team,2018,0,0,93.0,42,11.976190476190476,28,0.0
Haas F1 Team,2019,0,0,28.0,42,14.404761904761905,31,0.0
Haas F1 Team,2020,0,0,3.0,34,15.794117647058824,24,0.0
Haas F1 Team,2021,0,0,0.0,44,17.386363636363637,39,0.0
Haas F1 Team,2022,0,0,33.0,44,14.272727272727273,26,0.0
Haas F1 Team,2023,0,0,9.0,44,15.068181818181818,27,0.0
Haas F1 Team,2024,0,0,51.0,48,12.395833333333334,21,0.0
Hall,1951,0,0,0.0,1,19.0,1,0.0
Hesketh,1974,0,3,15.0,14,15.857142857142858,10,0.0
Hesketh,1975,1,4,33.0,26,11.73076923076923,18,3.85
Hesketh,1976,0,0,0.0,23,18.869565217391305,23,0.0
Hesketh,1977,0,0,0.0,28,20.071428571428573,28,0.0
Hesketh,1978,0,0,0.0,6,27.0,6,0.0
Honda,1964,0,0,0.0,3,14.666666666666666,3,0.0
Honda,1965,1,1,13.0,14,12.0,13,7.14
Honda,1966,0,0,3.0,5,9.0,5,0.0
Honda,1967,1,2,20.0,9,7.0,7,11.11
Honda,1968,0,2,14.0,15,10.466666666666667,14,0.0
Honda,2006,1,3,86.0,36,8.777777777777779,15,2.78
Honda,2007,0,0,6.0,34,13.294117647058824,28,0.0
Honda,2008,0,1,14.0,36,13.805555555555555,26,0.0
Iso Marlboro,1973,0,0,2.0,28,13.75,27,0.0
Iso Marlboro,1974,0,0,4.0,27,19.296296296296298,25,0.0
JBW,1959,0,0,0.0,1,22.0,1,0.0
JBW,1960,0,0,0.0,3,14.333333333333334,3,0.0
JBW,1961,0,0,0.0,2,27.0,2,0.0
Jaguar,2000,0,0,4.0,34,12.617647058823529,28,0.0
Jaguar,2001,0,1,9.0,34,13.882352941176471,30,0.0
Jaguar,2002,0,1,8.0,34,13.058823529411764,32,0.0
Jaguar,2003,0,0,18.0,32,12.4375,29,0.0
Jaguar,2004,0,0,10.0,36,12.833333333333334,29,0.0
Jordan,1991,0,0,13.0,32,13.1875,25,0.0
Jordan,1992,0,0,1.0,32,18.96875,32,0.0
Jordan,1993,0,0,3.0,32,16.78125,30,0.0
Jordan,1994,0,1,28.0,32,13.90625,26,0.0
Jordan,1995,0,2,21.0,34,12.205882352941176,30,0.0
Jordan,1996,0,0,22.0,32,10.21875,22,0.0
Jordan,1997,0,3,33.0,34,11.0,19,0.0
Jordan,1998,1,3,34.0,32,10.9375,22,3.12
Jordan,1999,2,6,61.0,32,9.875,17,6.25
Jordan,2000,0,2,17.0,34,13.264705882352942,24,0.0
Jordan,2001,0,0,19.0,34,11.764705882352942,27,0.0
Jordan,2002,0,0,9.0,34,12.647058823529411,29,0.0
Jordan,2003,1,1,13.0,32,13.8125,31,3.12
Jordan,2004,0,0,5.0,36,14.722222222222221,36,0.0
Jordan,2005,0,1,12.0,38,13.868421052631579,37,0.0
Kauhsen,1979,0,0,0.0,2,27.5,2,0.0
Klenk,1954,0,0,0.0,1,14.0,1,0.0
Kojima,1976,0,0,0.0,1,11.0,1,0.0
Kojima,1977,0,0,0.0,2,16.5,2,0.0
Kurtis Kraft,1950,1,1,14.0,15,15.8,14,6.67
Kurtis Kraft,1951,1,4,19.0,17,14.235294117647058,13,5.88
Kurtis Kraft,1952,0,2,13.0,21,16.714285714285715,11,0.0
Kurtis Kraft,1953,1,4,24.0,32,14.125,22,3.12
Kurtis Kraft,1954,1,2,18.0,35,16.02857142857143,21,2.86
Kurtis Kraft,1955,1,4,21.0,23,14.565217391304348,12,4.35
Kurtis Kraft,1956,0,1,12.0,24,19.25,19,0.0
Kurtis Kraft,1957,0,0,5.0,22,18.40909090909091,16,0.0
Kurtis Kraft,1958,0,1,4.0,16,19.0625,11,0.0
Kurtis Kraft,1959,0,0,0.0,13,18.46153846153846,7,0.0
Kurtis Kraft,1960,0,0,0.0,8,21.875,7,0.0
Kuzma,1951,0,0,0.0,1,15.0,1,0.0
Kuzma,1952,1,1,8.0,1,1.0,0,100.0
Kuzma,1953,0,0,0.0,7,15.857142857142858,7,0.0
Kuzma,1954,0,1,6.0,4,9.75,3,0.0
Kuzma,1955,0,0,3.0,4,16.75,3,0.0
Kuzma,1956,0,0,0.0,6,16.5,5,0.0
Kuzma,1957,0,1,4.0,4,13.0,3,0.0
Kuzma,1958,0,0,0.0,5,19.8,4,0.0
Kuzma,1959,0,0,0.0,5,15.4,3,0.0
Kuzma,1960,0,0,0.0,2,12.5,0,0.0
LDS,1962,0,0,0.0,1,13.0,1,0.0
LDS,1963,0,0,0.0,2,15.5,2,0.0
LDS,1968,0,0,0.0,1,15.0,1,0.0
LDS-Alfa Romeo,1965,0,0,0.0,2,20.0,2,0.0
LDS-Climax,1965,0,0,0.0,1,23.0,1,0.0
LDS-Climax,1967,0,0,0.0,1,9.0,1,0.0
LEC,1977,0,0,0.0,5,21.8,5,0.0
Lambo,1991,0,0,0.0,32,28.125,32,0.0
Lancia,1954,0,0,1.0,2,19.5,2,0.0
Lancia,1955,0,1,8.0,9,10.333333333333334,8,0.0
Langley,1950,0,0,0.0,1,16.0,1,0.0
Larrousse,1987,0,0,3.0,18,13.555555555555555,18,0.0
Larrousse,1988,0,0,0.0,32,15.59375,32,0.0
Larrousse,1989,0,0,1.0,32,21.5,32,0.0
Larrousse,1990,0,1,11.0,32,14.875,28,0.0
Larrousse,1991,0,0,1.0,6,22.166666666666668,6,0.0
Larrousse,1992,0,0,1.0,32,17.875,32,0.0
Larrousse,1993,0,0,3.0,32,13.46875,32,0.0
Larrousse,1994,0,0,2.0,32,16.875,31,0.0
Lesovsky,1950,0,0,0.0,2,11.5,2,0.0
Lesovsky,1951,0,0,0.0,1,30.0,1,0.0
Lesovsky,1952,0,0,3.0,3,14.333333333333334,2,0.0
Lesovsky,1953,0,0,0.0,1,24.0,1,0.0
Lesovsky,1956,0,0,0.0,1,9.0,0,0.0
Lesovsky,1957,0,0,0.0,2,20.0,1,0.0
Lesovsky,1958,0,0,0.0,2,22.5,2,0.0
Lesovsky,1959,0,1,5.0,2,17.5,1,0.0
Lesovsky,1960,0,0,2.0,1,5.0,0,0.0
Leyton House,1990,0,1,7.0,32,17.96875,30,0.0
Leyton House,1991,0,0,1.0,32,16.9375,31,0.0
Life,1990,0,0,0.0,14,34.214285714285715,14,0.0
Ligier,1976,0,3,20.0,16,12.0625,11,0.0
Ligier,1977,1,2,18.0,18,11.38888888888889,15,5.56
Ligier,1978,0,2,19.0,16,8.1875,10,0.0
Ligier,1979,3,8,61.0,30,11.466666666666667,20,10.0
Ligier,1980,2,10,66.0,28,9.25,16,7.14
Ligier,1981,2,7,44.0,30,13.666666666666666,21,6.67
Ligier,1982,0,4,20.0,30,15.133333333333333,28,0.0
Ligier,1983,0,0,0.0,30,16.033333333333335,30,0.0
Ligier,1984,0,0,3.0,31,15.161290322580646,31,0.0
Ligier,1985,0,4,23.0,30,13.0,27,0.0
Ligier,1986,0,2,29.0,32,10.46875,27,0.0
Ligier,1987,0,0,1.0,30,15.966666666666667,30,0.0
Ligier,1988,0,0,0.0,32,20.5625,32,0.0
Ligier,1989,0,0,3.0,32,19.5625,32,0.0
Ligier,1990,0,0,0.0,32,14.5,32,0.0
Ligier,1991,0,0,0.0,32,15.4375,32,0.0
Ligier,1992,0,0,6.0,32,14.125,30,0.0
Ligier,1993,0,3,23.0,32,11.84375,29,0.0
Ligier,1994,0,2,13.0,32,10.8125,30,0.0
Ligier,1995,0,2,24.0,34,11.588235294117647,29,0.0
Ligier,1996,1,1,15.0,32,11.875,28,3.12
Lola,1962,0,2,19.0,18,13.277777777777779,16,0.0
Lola,1963,0,0,0.0,16,14.1875,16,0.0
Lola,1967,0,0,0.0,2,13.5,2,0.0
Lola,1968,0,0,0.0,1,10.0,0,0.0
Lola,1974,0,0,1.0,29,14.068965517241379,28,0.0
Lola,1975,0,0,0.0,7,14.571428571428571,7,0.0
Lola,1985,0,0,0.0,4,21.5,4,0.0
Lola,1986,0,0,6.0,32,16.1875,32,0.0
Lola,1991,0,0,1.0,26,21.192307692307693,26,0.0
Lola,1993,0,0,0.0,28,18.0,28,0.0
Lola,1997,0,0,0.0,2,23.5,2,0.0
Lotus,2010,0,0,0.0,38,18.13157894736842,38,0.0
Lotus,2011,0,0,0.0,38,17.81578947368421,36,0.0
Lotus F1,2012,1,10,303.0,40,9.15,10,2.5
Lotus F1,2013,1,14,315.0,38,8.526315789473685,10,2.63
Lotus F1,2014,0,0,10.0,38,15.157894736842104,32,0.0
Lotus F1,2015,0,1,78.0,38,12.526315789473685,23,0.0
Lotus-BRM,1962,0,0,1.0,14,20.0,14,0.0
Lotus-BRM,1963,0,0,4.0,34,14.205882352941176,34,0.0
Lotus-BRM,1964,0,0,3.0,25,14.24,25,0.0
Lotus-BRM,1965,0,0,2.0,20,12.55,20,0.0
Lotus-BRM,1966,1,1,13.0,20,11.2,19,5.0
Lotus-BRM,1967,0,1,6.0,8,12.375,8,0.0
Lotus-Borgward,1962,0,0,0.0,1,31.0,1,0.0
Lotus-Borgward,1963,0,0,0.0,1,26.0,1,0.0
Lotus-Climax,1961,3,5,44.0,69,16.81159420289855,60,4.35
Lotus-Climax,1962,3,4,42.0,65,13.96923076923077,59,4.62
Lotus-Climax,1963,7,9,74.0,36,12.277777777777779,28,19.44
Lotus-Climax,1964,3,5,49.0,26,8.307692307692308,21,11.54
Lotus-Climax,1965,6,7,64.0,28,10.535714285714286,19,21.43
Lotus-Climax,1966,0,1,8.0,8,7.75,8,0.0
Lotus-Climax,1967,0,0,0.0,1,9.0,1,0.0
Lotus-Ford,1963,0,0,0.0,1,14.0,1,0.0
Lotus-Ford,1965,0,0,0.0,2,26.0,2,0.0
Lotus-Ford,1967,4,6,50.0,22,9.272727272727273,15,18.18
Lotus-Ford,1968,5,9,75.0,36,9.305555555555555,27,13.89
Lotus-Ford,1969,2,7,59.0,46,9.08695652173913,36,4.35
Lotus-Ford,1971,0,3,25.0,21,11.619047619047619,14,0.0
Lotus-Maserati,1961,0,0,0.0,1,15.0,1,0.0
Lotus-Maserati,1963,0,0,0.0,1,33.0,1,0.0
Lotus-Pratt &amp; Whitney,1971,0,0,0.0,3,14.333333333333334,3,0.0
Lyncar,1974,0,0,0.0,1,31.0,1,0.0
Lyncar,1975,0,0,0.0,1,17.0,1,0.0
MBM,1961,0,0,0.0,1,30.0,1,0.0
MF1,2006,0,0,0.0,28,15.75,28,0.0
Maki,1974,0,0,0.0,2,32.0,2,0.0
Maki,1975,0,0,0.0,5,27.2,5,0.0
Maki,1976,0,0,0.0,1,26.0,1,0.0
Manor Marussia,2015,0,0,0.0,36,16.11111111111111,35,0.0
Manor Marussia,2016,0,0,1.0,42,17.61904761904762,40,0.0
March,1970,1,8,55.0,63,11.682539682539682,53,1.59
March,1972,0,1,15.0,64,14.234375,59,0.0
March,1973,0,2,14.0,42,14.976190476190476,38,0.0
March,1974,0,0,6.0,32,17.15625,28,0.0
March,1975,1,1,9.0,33,16.727272727272727,30,3.03
March,1976,1,1,19.0,55,16.054545454545455,46,1.82
March,1977,0,0,0.0,68,19.985294117647058,68,0.0
March,1981,0,0,0.0,20,21.55,20,0.0
March,1982,0,0,0.0,35,20.085714285714285,35,0.0
March,1987,0,0,1.0,16,15.875,16,0.0
March,1988,0,2,22.0,32,13.46875,25,0.0
March,1989,0,1,4.0,32,16.9375,31,0.0
March,1992,0,0,3.0,32,17.34375,32,0.0
March-Alfa Romeo,1971,0,0,0.0,10,15.2,10,0.0
March-Ford,1971,0,5,37.0,43,13.767441860465116,36,0.0
Marchese,1950,0,0,0.0,1,11.0,1,0.0
Marchese,1951,0,0,0.0,1,20.0,1,0.0
Martini,1978,0,0,0.0,8,17.375,8,0.0
Marussia,2012,0,0,0.0,40,18.05,36,0.0
Marussia,2013,0,0,0.0,38,17.894736842105264,33,0.0
Marussia,2014,0,0,2.0,31,16.806451612903224,29,0.0
Maserati,1950,0,1,11.0,35,13.342857142857143,35,0.0
Maserati,1951,0,0,0.0,14,18.357142857142858,14,0.0
Maserati,1952,0,1,8.5,25,16.08,24,0.0
Maserati,1953,1,9,65.5,45,9.577777777777778,39,2.22
Maserati,1954,2,5,46.14,67,11.791044776119403,63,2.99
Maserati,1955,0,3,23.0,51,10.509803921568627,49,0.0
Maserati,1956,2,11,72.0,69,9.927536231884059,61,2.9
Maserati,1957,4,10,78.0,61,9.98360655737705,50,6.56
Maserati,1958,0,0,9.0,53,13.49056603773585,51,0.0
Maserati,1959,0,0,0.0,9,15.555555555555555,9,0.0
Maserati,1960,0,0,0.0,7,17.142857142857142,7,0.0
Matra,1967,0,0,0.0,4,17.5,4,0.0
Matra,1968,0,1,8.0,12,10.583333333333334,11,0.0
Matra,1970,0,3,24.0,26,9.307692307692308,20,0.0
Matra,1971,0,1,10.0,17,10.529411764705882,13,0.0
Matra,1972,0,1,12.0,12,10.416666666666666,10,0.0
Matra-Ford,1968,3,5,45.0,16,6.1875,12,18.75
Matra-Ford,1969,6,10,85.0,24,5.291666666666667,13,25.0
McGuire,1977,0,0,0.0,1,35.0,1,0.0
McLaren,1968,0,0,0.0,2,10.5,2,0.0
McLaren,1971,0,1,13.0,27,14.148148148148149,23,0.0
McLaren,1972,1,11,66.0,25,6.68,10,4.0
McLaren,1973,3,8,68.0,35,8.742857142857142,21,8.57
McLaren,1974,4,10,87.0,46,9.326086956521738,29,8.7
McLaren,1975,3,10,65.0,29,10.172413793103448,15,10.34
McLaren,1976,6,10,88.0,32,8.6875,16,18.75
McLaren,1977,3,7,65.0,52,13.153846153846153,39,5.77
McLaren,1978,0,1,16.0,55,14.981818181818182,47,0.0
McLaren,1979,0,1,15.0,30,13.5,26,0.0
McLaren,1980,0,0,11.0,28,13.571428571428571,24,0.0
McLaren,1981,1,4,28.0,30,12.333333333333334,22,3.33
McLaren,1982,4,8,69.0,29,8.827586206896552,17,13.79
McLaren,1983,1,5,34.0,30,13.8,25,3.33
McLaren,1984,12,18,143.5,32,6.6875,12,37.5
McLaren,1985,6,12,90.0,31,8.483870967741936,18,19.35
McLaren,1986,4,12,96.0,32,8.71875,17,12.5
McLaren,1987,3,12,76.0,32,8.65625,18,9.38
McLaren,1988,15,25,199.0,32,3.71875,5,46.88
McLaren,1989,10,18,141.0,32,7.3125,12,31.25
McLaren,1990,6,18,121.0,32,7.25,10,18.75
McLaren,1991,8,18,139.0,32,7.46875,10,25.0
McLaren,1992,5,12,99.0,32,10.40625,15,15.62
McLaren,1993,5,9,84.0,32,11.53125,21,15.62
McLaren,1994,0,8,42.0,32,12.25,21,0.0
McLaren,1995,0,2,30.0,34,12.823529411764707,29,0.0
McLaren,1996,0,6,49.0,32,8.8125,18,0.0
McLaren,1997,3,7,63.0,34,10.382352941176471,19,8.82
McLaren,1998,9,20,156.0,32,5.625,10,28.12
McLaren,1999,7,16,124.0,32,7.75,12,21.88
McLaren,2000,7,22,162.0,34,5.0,8,20.59
McLaren,2001,4,13,102.0,34,8.264705882352942,13,11.76
McLaren,2002,1,10,65.0,34,9.382352941176471,18,2.94
McLaren,2003,2,13,142.0,32,7.09375,9,6.25
McLaren,2004,1,4,69.0,36,10.472222222222221,23,2.78
McLaren,2005,10,18,182.0,38,6.842105263157895,12,26.32
McLaren,2006,0,9,110.0,36,9.5,14,0.0
McLaren,2007,8,24,218.0,34,3.9705882352941178,4,23.53
McLaren,2008,6,13,151.0,36,6.555555555555555,8,16.67
McLaren,2009,2,5,71.0,34,10.411764705882353,14,5.88
McLaren,2010,5,16,454.0,38,6.394736842105263,7,13.16
McLaren,2011,6,18,497.0,38,5.842105263157895,5,15.79
McLaren,2012,7,13,378.0,40,9.075,11,17.5
McLaren,2013,0,0,122.0,38,9.631578947368421,8,0.0
McLaren,2014,0,2,181.0,38,8.947368421052632,13,0.0
McLaren,2015,0,0,27.0,38,14.473684210526315,30,0.0
McLaren,2016,0,0,76.0,42,12.714285714285714,29,0.0
McLaren,2017,0,0,30.0,40,13.85,34,0.0
McLaren,2018,0,0,62.0,42,12.761904761904763,32,0.0
McLaren,2019,0,1,145.0,42,10.69047619047619,24,0.0
McLaren,2020,0,2,202.0,34,8.617647058823529,12,0.0
McLaren,2021,1,5,274.0,44,7.795454545454546,16,2.27
McLaren,2022,0,1,150.0,44,10.636363636363637,12,0.0
McLaren,2023,0,9,266.0,44,9.454545454545455,12,0.0
McLaren,2024,6,21,609.0,48,4.708333333333333,1,12.5
McLaren-Alfa Romeo,1970,0,0,0.0,11,18.454545454545453,11,0.0
McLaren-BRM,1967,0,0,3.0,6,11.5,6,0.0
McLaren-BRM,1968,0,0,3.0,8,13.375,8,0.0
McLaren-Ford,1966,0,0,2.0,3,10.0,3,0.0
McLaren-Ford,1967,0,0,0.0,2,7.0,2,0.0
McLaren-Ford,1968,3,6,56.0,23,7.782608695652174,17,13.04
McLaren-Ford,1969,1,5,49.0,29,8.137931034482758,24,3.45
McLaren-Ford,1970,0,5,36.0,30,10.6,22,0.0
McLaren-Serenissima,1966,0,0,1.0,2,11.0,2,0.0
Mercedes,1954,4,7,60.14,18,6.222222222222222,12,22.22
Mercedes,1955,5,10,79.0,24,7.375,14,20.83
Mercedes,2010,0,3,214.0,38,9.157894736842104,11,0.0
Mercedes,2011,0,0,165.0,38,10.421052631578947,18,0.0
Mercedes,2012,1,3,142.0,40,12.575,13,2.5
Mercedes,2013,3,9,360.0,38,6.684210526315789,5,7.89
Mercedes,2014,16,31,701.0,38,4.2105263157894735,6,42.11
Mercedes,2015,16,32,703.0,38,3.210526315789474,3,42.11
Mercedes,2016,19,33,765.0,42,3.4761904761904763,3,45.24
Mercedes,2017,12,26,668.0,40,3.175,2,30.0
Mercedes,2018,11,25,655.0,42,3.857142857142857,4,26.19
Mercedes,2019,15,32,739.0,42,3.238095238095238,3,35.71
Mercedes,2020,13,25,573.0,34,3.735294117647059,2,38.24
Mercedes,2021,9,28,604.5,44,5.409090909090909,6,20.45
Mercedes,2022,1,17,495.0,44,5.5227272727272725,5,2.27
Mercedes,2023,0,8,374.0,44,7.136363636363637,6,0.0
Mercedes,2024,4,9,433.0,48,6.854166666666667,5,8.33
Merzario,1978,0,0,0.0,17,23.41176470588235,17,0.0
Merzario,1979,0,0,0.0,15,26.0,15,0.0
Meskowski,1960,0,0,0.0,2,12.0,1,0.0
Milano,1950,0,0,0.0,1,27.0,1,0.0
Minardi,1985,0,0,0.0,15,17.266666666666666,15,0.0
Minardi,1986,0,0,0.0,31,19.129032258064516,31,0.0
Minardi,1987,0,0,0.0,32,19.40625,32,0.0
Minardi,1988,0,0,1.0,32,18.1875,32,0.0
Minardi,1989,0,0,6.0,32,17.28125,32,0.0
Minardi,1990,0,0,0.0,32,18.96875,32,0.0
Minardi,1991,0,0,6.0,32,14.6875,31,0.0
Minardi,1992,0,0,1.0,32,17.5625,32,0.0
Minardi,1993,0,0,7.0,32,13.59375,32,0.0
Minardi,1994,0,0,5.0,32,14.6875,32,0.0
Minardi,1995,0,0,1.0,34,13.970588235294118,33,0.0
Minardi,1996,0,0,0.0,32,14.75,32,0.0
Minardi,1997,0,0,0.0,34,15.941176470588236,34,0.0
Minardi,1998,0,0,0.0,32,14.59375,32,0.0
Minardi,1999,0,0,1.0,32,13.84375,30,0.0
Minardi,2000,0,0,0.0,34,13.911764705882353,33,0.0
Minardi,2001,0,0,0.0,34,15.5,34,0.0
Minardi,2002,0,0,2.0,32,14.96875,32,0.0
Minardi,2003,0,0,0.0,32,14.0625,32,0.0
Minardi,2004,0,0,1.0,36,16.083333333333332,36,0.0
Minardi,2005,0,0,7.0,38,15.289473684210526,38,0.0
Moore,1950,0,0,0.0,1,6.0,1,0.0
Moore,1951,0,0,0.0,1,6.0,0,0.0
Moore,1959,0,0,0.0,1,12.0,0,0.0
Nichels,1950,0,0,0.0,1,9.0,1,0.0
Nichels,1954,0,0,0.0,3,24.0,3,0.0
OSCA,1951,0,0,0.0,1,9.0,1,0.0
OSCA,1952,0,0,0.0,1,24.0,1,0.0
OSCA,1953,0,0,0.0,4,17.75,4,0.0
OSCA,1958,0,0,0.0,2,24.5,2,0.0
Olson,1950,0,0,0.0,1,23.0,1,0.0
Onyx,1989,0,1,6.0,32,24.15625,31,0.0
Onyx,1990,0,0,0.0,20,21.7,20,0.0
Osella,1980,0,0,0.0,14,20.642857142857142,14,0.0
Osella,1981,0,0,0.0,30,22.466666666666665,30,0.0
Osella,1982,0,0,3.0,24,21.958333333333332,24,0.0
Osella,1983,0,0,0.0,30,22.433333333333334,30,0.0
Osella,1984,0,0,2.0,24,17.5,24,0.0
Osella,1985,0,0,0.0,15,15.533333333333333,15,0.0
Osella,1986,0,0,0.0,32,19.78125,32,0.0
Osella,1987,0,0,0.0,19,19.63157894736842,19,0.0
Osella,1988,0,0,0.0,16,23.1875,16,0.0
Osella,1989,0,0,0.0,32,28.4375,32,0.0
Osella,1990,0,0,0.0,16,22.0,16,0.0
Pacific,1994,0,0,0.0,32,25.71875,32,0.0
Pacific,1995,0,0,0.0,34,18.205882352941178,34,0.0
Pankratz,1954,0,0,0.0,1,17.0,1,0.0
Pankratz,1955,0,0,0.0,1,33.0,1,0.0
Parnelli,1974,0,0,0.0,2,16.5,2,0.0
Parnelli,1975,0,0,5.0,12,14.416666666666666,9,0.0
Parnelli,1976,0,0,1.0,2,10.5,2,0.0
Pawl,1951,0,0,0.0,1,16.0,1,0.0
Pawl,1954,0,0,0.0,2,22.0,2,0.0
Pawl,1955,0,0,0.0,1,22.0,1,0.0
Penske,1974,0,0,0.0,2,16.0,2,0.0
Penske,1975,0,0,2.0,10,12.2,9,0.0
Penske,1976,1,3,20.0,17,11.176470588235293,12,5.88
Penske,1977,0,0,1.0,17,16.470588235294116,16,0.0
Phillips,1954,0,0,0.0,1,7.0,0,0.0
Phillips,1955,0,0,0.0,1,15.0,1,0.0
Phillips,1956,0,1,4.0,1,3.0,0,0.0
Phillips,1957,0,0,0.0,1,9.0,0,0.0
Phillips,1958,0,0,0.0,1,7.0,0,0.0
Phillips,1959,0,0,0.0,1,24.0,1,0.0
Phillips,1960,0,0,3.0,1,4.0,0,0.0
Politoys,1972,0,0,0.0,1,24.0,1,0.0
Porsche,1957,0,0,0.0,3,14.333333333333334,3,0.0
Porsche,1958,0,0,0.0,3,12.0,2,0.0
Porsche,1959,0,0,0.0,4,13.0,4,0.0
Porsche,1960,0,0,1.0,2,6.5,2,0.0
Porsche,1961,0,3,24.0,28,11.928571428571429,20,0.0
Porsche,1962,1,2,20.0,30,12.433333333333334,26,3.33
Porsche,1963,0,0,5.0,13,15.076923076923077,12,0.0
Porsche,1964,0,0,0.0,1,17.0,1,0.0
Prost,1997,0,2,21.0,34,11.205882352941176,20,0.0
Prost,1998,0,0,1.0,32,14.09375,32,0.0
Prost,1999,0,1,9.0,32,12.71875,24,0.0
Prost,2000,0,0,0.0,33,15.878787878787879,33,0.0
Prost,2001,0,0,4.0,34,12.558823529411764,32,0.0
Protos,1967,0,0,0.0,2,17.5,2,0.0
RAM,1983,0,0,0.0,15,25.466666666666665,15,0.0
RAM,1984,0,0,0.0,31,18.096774193548388,31,0.0
RAM,1985,0,0,0.0,25,19.0,25,0.0
RB F1 Team,2024,0,0,40.0,48,13.291666666666666,29,0.0
RE,1965,0,0,0.0,1,29.0,1,0.0
Racing Point,2019,0,0,73.0,42,11.785714285714286,28,0.0
Racing Point,2020,1,4,210.0,34,9.205882352941176,12,2.94
Rae,1950,0,0,0.0,1,22.0,1,0.0
Rebaque,1979,0,0,0.0,3,24.0,3,0.0
Red Bull,2005,0,0,34.0,38,11.473684210526315,23,0.0
Red Bull,2006,0,1,16.0,36,13.277777777777779,30,0.0
Red Bull,2007,0,1,24.0,34,13.441176470588236,21,0.0
Red Bull,2008,0,1,29.0,36,11.61111111111111,15,0.0
Red Bull,2009,6,16,153.5,34,7.029411764705882,9,17.65
Red Bull,2010,9,20,498.0,38,6.026315789473684,6,23.68
Red Bull,2011,12,27,650.0,38,3.473684210526316,2,31.58
Red Bull,2012,7,14,460.0,40,6.475,6,17.5
Red Bull,2013,13,24,596.0,38,4.815789473684211,5,34.21
Red Bull,2014,3,12,405.0,38,6.7368421052631575,6,7.89
Red Bull,2015,0,3,187.0,38,9.0,22,0.0
Red Bull,2016,2,16,468.0,42,5.738095238095238,6,4.76
Red Bull,2017,3,13,368.0,40,8.65,14,7.5
Red Bull,2018,4,13,419.0,42,7.642857142857143,12,9.52
Red Bull,2019,3,9,417.0,42,6.261904761904762,9,7.14
Red Bull,2020,2,13,319.0,34,7.705882352941177,9,5.88
Red Bull,2021,11,23,578.5,44,5.840909090909091,8,25.0
Red Bull,2022,17,28,724.0,44,4.454545454545454,5,38.64
Red Bull,2023,21,30,790.0,44,3.5681818181818183,3,47.73
Red Bull,2024,9,18,537.0,48,6.625,9,18.75
Renault,1977,0,0,0.0,5,20.4,5,0.0
Renault,1978,0,0,3.0,14,16.0,13,0.0
Renault,1979,1,4,26.0,30,15.5,26,3.33
Renault,1980,3,4,38.0,27,12.703703703703704,22,11.11
Renault,1981,3,7,54.0,30,12.633333333333333,20,10.0
Renault,1982,4,8,62.0,32,12.03125,22,12.5
Renault,1983,4,11,79.0,30,9.466666666666667,17,13.33
Renault,1984,0,5,34.0,32,11.71875,27,0.0
Renault,1985,0,2,16.0,31,13.32258064516129,29,0.0
Renault,2002,0,0,23.0,34,10.911764705882353,25,0.0
Renault,2003,1,5,88.0,32,9.09375,15,3.12
Renault,2004,1,6,105.0,36,7.833333333333333,12,2.78
Renault,2005,8,18,191.0,38,6.131578947368421,12,21.05
Renault,2006,8,19,206.0,36,4.916666666666667,4,22.22
Renault,2007,0,1,51.0,34,9.5,16,0.0
Renault,2008,2,4,80.0,36,10.25,15,5.56
Renault,2009,0,1,26.0,34,12.411764705882353,18,0.0
Renault,2010,0,3,163.0,38,10.973684210526315,17,0.0
Renault,2011,0,2,73.0,38,12.657894736842104,25,0.0
Renault,2016,0,0,8.0,42,15.523809523809524,36,0.0
Renault,2017,0,0,57.0,40,13.25,30,0.0
Renault,2018,0,0,122.0,42,11.071428571428571,25,0.0
Renault,2019,0,0,91.0,42,11.976190476190476,27,0.0
Renault,2020,0,3,181.0,34,8.941176470588236,13,0.0
Rial,1988,0,0,3.0,16,16.375,16,0.0
Rial,1989,0,0,3.0,32,28.4375,32,0.0
Sauber,1993,0,0,12.0,32,13.71875,32,0.0
Sauber,1994,0,0,12.0,31,15.870967741935484,29,0.0
Sauber,1995,0,1,18.0,34,11.794117647058824,32,0.0
Sauber,1996,0,1,11.0,32,11.65625,28,0.0
Sauber,1997,0,1,16.0,34,10.941176470588236,21,0.0
Sauber,1998,0,1,10.0,32,11.34375,27,0.0
Sauber,1999,0,0,5.0,32,13.96875,25,0.0
Sauber,2000,0,0,6.0,34,11.882352941176471,29,0.0
Sauber,2001,0,1,21.0,34,11.441176470588236,26,0.0
Sauber,2002,0,0,11.0,34,10.617647058823529,30,0.0
Sauber,2003,0,1,19.0,32,12.125,26,0.0
Sauber,2004,0,0,34.0,36,9.722222222222221,22,0.0
Sauber,2005,0,0,20.0,38,11.263157894736842,28,0.0
Sauber,2010,0,0,44.0,38,15.078947368421053,24,0.0
Sauber,2011,0,0,44.0,38,13.447368421052632,28,0.0
Sauber,2012,0,4,126.0,40,12.55,13,0.0
Sauber,2013,0,0,57.0,38,12.710526315789474,15,0.0
Sauber,2014,0,0,0.0,38,16.210526315789473,35,0.0
Sauber,2015,0,0,36.0,38,12.552631578947368,25,0.0
Sauber,2016,0,0,2.0,42,15.928571428571429,41,0.0
Sauber,2017,0,0,5.0,40,15.1,37,0.0
Sauber,2018,0,0,48.0,42,12.785714285714286,31,0.0
Sauber,2024,0,0,4.0,48,15.666666666666666,37,0.0
Scarab,1960,0,0,0.0,9,18.666666666666668,9,0.0
Schroeder,1951,0,0,2.0,2,14.5,1,0.0
Schroeder,1953,0,0,0.0,1,14.0,1,0.0
Schroeder,1954,0,0,0.0,4,28.0,4,0.0
Schroeder,1955,0,0,0.0,1,20.0,1,0.0
Scirocco,1963,0,0,0.0,14,20.142857142857142,14,0.0
Scirocco,1964,0,0,0.0,3,19.666666666666668,3,0.0
Shadow,1973,0,2,9.0,38,15.473684210526315,34,0.0
Shadow,1974,0,1,7.0,28,15.607142857142858,24,0.0
Shadow,1976,0,1,10.0,33,11.696969696969697,27,0.0
Shadow,1977,1,2,24.0,34,13.147058823529411,27,2.94
Shadow,1978,0,0,6.0,34,18.176470588235293,34,0.0
Shadow,1979,0,0,3.0,30,15.366666666666667,29,0.0
Shadow,1980,0,0,0.0,14,24.857142857142858,14,0.0
Shadow-Ford,1975,0,1,9.5,26,14.0,21,0.0
Shadow-Matra,1975,0,0,0.0,2,19.5,2,0.0
Shannon,1966,0,0,0.0,1,20.0,1,0.0
Sherman,1951,0,0,3.0,1,4.0,0,0.0
Sherman,1952,0,0,0.0,1,15.0,1,0.0
Simca,1950,0,0,3.0,5,15.8,5,0.0
Simca,1951,0,0,0.0,13,13.307692307692308,13,0.0
Simca,1952,0,0,2.0,9,15.666666666666666,9,0.0
Simca,1953,0,0,0.0,2,17.0,2,0.0
Simtek,1994,0,0,0.0,30,16.933333333333334,30,0.0
Simtek,1995,0,0,0.0,10,19.1,10,0.0
Snowberger,1950,0,0,0.0,1,26.0,1,0.0
Spirit,1983,0,0,0.0,6,16.833333333333332,6,0.0
Spirit,1984,0,0,0.0,16,15.25,16,0.0
Spirit,1985,0,0,0.0,3,21.0,3,0.0
Spyker,2007,0,0,1.0,34,17.38235294117647,33,0.0
Spyker MF1,2006,0,0,0.0,8,17.125,8,0.0
Stebro,1963,0,0,0.0,2,15.5,2,0.0
Stevens,1950,0,0,0.0,1,12.0,1,0.0
Stevens,1952,0,0,0.0,2,23.0,1,0.0
Stevens,1953,0,0,0.0,2,20.5,1,0.0
Stevens,1954,0,0,0.0,3,15.333333333333334,2,0.0
Stevens,1955,0,0,0.0,1,31.0,1,0.0
Stevens,1956,0,0,0.0,1,10.0,1,0.0
Stewart,1997,0,1,6.0,34,15.764705882352942,32,0.0
Stewart,1998,0,0,5.0,32,14.6875,31,0.0
Stewart,1999,1,4,36.0,32,11.125,20,3.12
Super Aguri,2006,0,0,0.0,36,17.25,36,0.0
Super Aguri,2007,0,0,4.0,34,15.0,32,0.0
Super Aguri,2008,0,0,0.0,8,15.625,8,0.0
Surtees,1970,0,0,3.0,8,13.0,8,0.0
Surtees,1971,0,0,9.0,27,12.592592592592593,23,0.0
Surtees,1972,0,1,18.0,37,15.702702702702704,32,0.0
Surtees,1973,0,1,7.0,35,14.82857142857143,31,0.0
Surtees,1974,0,0,3.0,36,21.666666666666668,35,0.0
Surtees,1975,0,0,0.0,12,14.916666666666666,11,0.0
Surtees,1976,0,0,7.0,38,15.289473684210526,37,0.0
Surtees,1977,0,0,6.0,36,15.722222222222221,32,0.0
Surtees,1978,0,0,1.0,31,20.161290322580644,31,0.0
Sutton,1959,0,0,0.0,1,30.0,1,0.0
Talbot-Lago,1950,0,2,20.0,37,9.945945945945946,36,0.0
Talbot-Lago,1951,0,0,5.0,45,11.844444444444445,45,0.0
Team Lotus,1958,0,0,3.0,19,12.052631578947368,18,0.0
Team Lotus,1959,0,0,5.0,19,14.68421052631579,19,0.0
Team Lotus,1960,2,7,52.0,33,9.454545454545455,25,6.06
Team Lotus,1962,0,0,0.0,1,18.0,1,0.0
Team Lotus,1963,0,0,0.0,1,23.0,1,0.0
Team Lotus,1970,6,7,70.0,48,12.416666666666666,39,12.5
Team Lotus,1972,5,8,61.0,28,13.428571428571429,21,17.86
Team Lotus,1973,7,15,107.0,31,8.64516129032258,15,22.58
Team Lotus,1974,3,6,47.0,33,12.878787878787879,25,9.09
Team Lotus,1975,0,1,9.0,31,14.064516129032258,25,0.0
Team Lotus,1976,1,5,32.0,31,14.709677419354838,22,3.23
Team Lotus,1977,5,7,67.0,34,11.764705882352942,23,14.71
Team Lotus,1978,8,14,116.0,48,12.708333333333334,29,16.67
Team Lotus,1979,0,5,39.0,41,13.414634146341463,30,0.0
Team Lotus,1980,0,1,14.0,31,14.96774193548387,27,0.0
Team Lotus,1981,0,1,22.0,30,13.433333333333334,23,0.0
Team Lotus,1982,1,2,30.0,30,12.633333333333333,27,3.33
Team Lotus,1983,0,1,12.0,30,16.033333333333335,26,0.0
Team Lotus,1984,0,6,47.0,32,10.5625,24,0.0
Team Lotus,1985,3,9,71.0,32,8.46875,20,9.38
Team Lotus,1986,2,8,58.0,32,11.84375,24,6.25
Team Lotus,1987,2,8,64.0,32,9.28125,24,6.25
Team Lotus,1988,0,3,23.0,32,13.6875,27,0.0
Team Lotus,1989,0,0,15.0,32,14.5,27,0.0
Team Lotus,1990,0,0,3.0,32,15.0,30,0.0
Team Lotus,1991,0,0,3.0,32,18.21875,30,0.0
Team Lotus,1992,0,0,13.0,32,15.0,29,0.0
Team Lotus,1993,0,0,12.0,32,14.21875,30,0.0
Team Lotus,1994,0,0,0.0,32,15.0625,32,0.0
Tec-Mec,1959,0,0,0.0,1,13.0,1,0.0
Tecno,1972,0,0,0.0,7,23.714285714285715,7,0.0
Tecno,1973,0,0,1.0,4,16.0,4,0.0
Theodore,1978,0,0,0.0,7,26.142857142857142,7,0.0
Theodore,1981,0,0,1.0,15,14.2,15,0.0
Theodore,1982,0,0,0.0,15,23.333333333333332,15,0.0
Theodore,1983,0,0,1.0,27,18.037037037037038,27,0.0
Token,1974,0,0,0.0,4,18.25,4,0.0
Toleman,1981,0,0,0.0,24,27.0,24,0.0
Toleman,1982,0,0,0.0,28,22.535714285714285,28,0.0
Toleman,1983,0,0,10.0,30,15.0,23,0.0
Toleman,1984,0,3,16.0,29,16.310344827586206,26,0.0
Toleman,1985,0,0,0.0,20,19.0,20,0.0
Toro Rosso,2006,0,0,1.0,36,13.63888888888889,34,0.0
Toro Rosso,2007,0,0,8.0,34,16.5,31,0.0
Toro Rosso,2008,1,1,39.0,36,12.86111111111111,19,2.78
Toro Rosso,2009,0,0,8.0,34,14.911764705882353,23,0.0
Toro Rosso,2010,0,0,13.0,38,13.710526315789474,20,0.0
Toro Rosso,2011,0,0,41.0,38,13.81578947368421,30,0.0
Toro Rosso,2012,0,0,26.0,40,13.325,14,0.0
Toro Rosso,2013,0,0,33.0,38,14.0,24,0.0
Toro Rosso,2014,0,0,30.0,38,13.289473684210526,22,0.0
Toro Rosso,2015,0,0,67.0,38,11.894736842105264,25,0.0
Toro Rosso,2016,0,0,63.0,42,13.166666666666666,27,0.0
Toro Rosso,2017,0,0,53.0,40,13.1,34,0.0
Toro Rosso,2018,0,0,33.0,42,13.880952380952381,33,0.0
Toro Rosso,2019,0,2,85.0,42,11.5,25,0.0
Toyota,2002,0,0,2.0,34,13.794117647058824,31,0.0
Toyota,2003,0,0,16.0,32,12.0,28,0.0
Toyota,2004,0,0,9.0,36,13.416666666666666,33,0.0
Toyota,2005,0,5,88.0,38,8.236842105263158,16,0.0
Toyota,2006,0,1,35.0,36,11.944444444444445,25,0.0
Toyota,2007,0,0,13.0,34,13.029411764705882,26,0.0
Toyota,2008,0,2,56.0,36,9.972222222222221,14,0.0
Toyota,2009,0,5,59.5,34,9.558823529411764,9,0.0
Trevis,1951,0,0,0.0,1,29.0,1,0.0
Trevis,1952,0,0,0.0,1,16.0,1,0.0
Trevis,1955,0,0,0.0,2,15.5,2,0.0
Trevis,1960,0,0,1.0,2,7.5,0,0.0
Trojan,1974,0,0,0.0,8,19.375,8,0.0
Turner,1953,0,0,0.0,1,21.0,1,0.0
Tyrrell,1970,0,0,0.0,3,15.0,3,0.0
Tyrrell,1971,7,11,88.0,23,7.913043478260869,11,30.43
Tyrrell,1972,4,7,60.0,25,10.04,15,16.0
Tyrrell,1973,5,15,118.0,33,7.787878787878788,13,15.15
Tyrrell,1974,2,7,59.0,31,9.451612903225806,16,6.45
Tyrrell,1975,1,4,32.0,31,10.483870967741936,21,3.23
Tyrrell,1976,1,12,88.0,41,11.21951219512195,21,2.44
Tyrrell,1977,0,4,27.0,35,13.114285714285714,27,0.0
Tyrrell,1978,1,5,41.0,32,12.625,20,3.12
Tyrrell,1979,0,4,28.0,32,10.25,24,0.0
Tyrrell,1980,0,0,12.0,30,14.166666666666666,28,0.0
Tyrrell,1981,0,0,10.0,30,15.033333333333333,27,0.0
Tyrrell,1982,1,2,25.0,32,10.59375,27,3.12
Tyrrell,1983,1,1,12.0,30,14.866666666666667,29,3.33
Tyrrell,1984,0,0,0.0,26,16.346153846153847,26,0.0
Tyrrell,1985,0,0,7.0,30,11.8,29,0.0
Tyrrell,1986,0,0,11.0,32,12.53125,32,0.0
Tyrrell,1987,0,0,11.0,32,11.5,32,0.0
Tyrrell,1988,0,0,5.0,32,20.3125,32,0.0
Tyrrell,1989,0,1,16.0,32,14.53125,30,0.0
Tyrrell,1990,0,2,16.0,32,15.03125,28,0.0
Tyrrell,1991,0,1,12.0,32,14.59375,29,0.0
Tyrrell,1992,0,0,8.0,32,15.71875,32,0.0
Tyrrell,1993,0,0,0.0,32,17.9375,32,0.0
Tyrrell,1994,0,1,13.0,32,14.78125,31,0.0
Tyrrell,1995,0,0,5.0,34,13.558823529411764,33,0.0
Tyrrell,1996,0,0,5.0,32,12.6875,30,0.0
Tyrrell,1997,0,0,2.0,34,13.352941176470589,34,0.0
Tyrrell,1998,0,0,0.0,29,15.551724137931034,29,0.0
Vanwall,1954,0,0,0.0,3,18.333333333333332,3,0.0
Vanwall,1955,0,0,0.0,7,14.857142857142858,7,0.0
Vanwall,1956,0,0,3.0,14,14.5,14,0.0
Vanwall,1957,4,5,37.0,18,8.0,12,22.22
Vanwall,1958,6,9,68.0,27,10.037037037037036,18,22.22
Vanwall,1959,0,0,0.0,1,24.0,1,0.0
Vanwall,1960,0,0,0.0,1,18.0,1,0.0
Veritas,1951,0,0,0.0,1,21.0,1,0.0
Veritas,1952,0,0,0.0,9,17.0,9,0.0
Veritas,1953,0,0,0.0,8,21.0,8,0.0
Virgin,2010,0,0,0.0,38,19.05263157894737,38,0.0
Virgin,2011,0,0,0.0,38,18.94736842105263,38,0.0
Watson,1950,0,0,0.0,1,32.0,1,0.0
Watson,1951,0,0,0.0,1,33.0,1,0.0
Watson,1952,0,0,0.0,1,12.0,0,0.0
Watson,1953,0,0,0.0,1,27.0,1,0.0
Watson,1956,1,1,8.0,1,1.0,0,100.0
Watson,1957,0,0,0.0,1,31.0,1,0.0
Watson,1958,0,0,0.0,4,17.25,2,0.0
Watson,1959,1,2,14.0,4,10.5,2,25.0
Watson,1960,1,2,14.0,8,16.125,5,12.5
Wetteroth,1950,0,0,0.0,1,24.0,1,0.0
Williams,1975,0,1,6.0,27,18.11111111111111,25,0.0
Williams,1976,0,0,0.0,2,18.0,2,0.0
Williams,1978,0,1,11.0,16,12.5625,12,0.0
Williams,1979,5,10,75.0,30,9.5,17,16.67
Williams,1980,6,18,120.0,38,9.921052631578947,18,15.79
Williams,1981,4,13,95.0,30,7.466666666666667,12,13.33
Williams,1982,1,7,58.0,30,8.466666666666667,18,3.33
Williams,1983,1,3,38.0,31,11.225806451612904,24,3.23
Williams,1984,1,2,25.5,32,15.15625,29,3.12
Williams,1985,4,8,71.0,32,10.84375,20,12.5
Williams,1986,9,19,141.0,32,5.9375,13,28.12
Williams,1987,9,18,137.0,32,7.3125,13,28.12
Williams,1988,0,2,20.0,32,14.46875,26,0.0
Williams,1989,2,11,77.0,32,9.75,19,6.25
Williams,1990,2,4,57.0,32,9.8125,16,6.25
Williams,1991,7,17,125.0,32,8.3125,13,21.88
Williams,1992,10,21,164.0,32,6.46875,10,31.25
Williams,1993,10,22,168.0,32,5.5,10,31.25
Williams,1994,7,13,118.0,31,8.193548387096774,17,22.58
Williams,1995,5,17,118.0,34,9.088235294117647,15,14.71
Williams,1996,12,21,175.0,32,4.84375,9,37.5
Williams,1997,8,15,123.0,34,7.647058823529412,12,23.53
Williams,1998,0,3,38.0,32,8.46875,20,0.0
Williams,1999,0,3,35.0,32,10.71875,19,0.0
Williams,2000,0,3,36.0,34,10.441176470588236,22,0.0
Williams,2001,4,9,80.0,34,10.352941176470589,19,11.76
Williams,2002,1,13,92.0,34,7.0,12,2.94
Williams,2003,4,12,144.0,32,6.4375,10,12.5
Williams,2004,1,4,88.0,36,8.777777777777779,15,2.78
Williams,2005,0,4,66.0,38,11.026315789473685,23,0.0
Williams,2006,0,0,11.0,36,15.027777777777779,28,0.0
Williams,2007,0,1,33.0,34,11.676470588235293,21,0.0
Williams,2008,0,2,26.0,36,11.777777777777779,21,0.0
Williams,2009,0,0,34.5,34,10.970588235294118,11,0.0
Williams,2010,0,0,69.0,38,12.552631578947368,21,0.0
Williams,2011,0,0,5.0,38,15.605263157894736,32,0.0
Williams,2012,1,1,76.0,40,13.675,17,2.5
Williams,2013,0,0,5.0,38,14.526315789473685,19,0.0
Williams,2014,0,9,320.0,38,7.815789473684211,9,0.0
Williams,2015,0,4,257.0,38,8.5,12,0.0
Williams,2016,0,1,138.0,42,10.523809523809524,20,0.0
Williams,2017,0,1,83.0,40,11.5,29,0.0
Williams,2018,0,0,7.0,42,14.904761904761905,36,0.0
Williams,2019,0,0,1.0,42,16.404761904761905,38,0.0
Williams,2020,0,0,0.0,34,15.735294117647058,24,0.0
Williams,2021,0,1,23.0,44,14.727272727272727,35,0.0
Williams,2022,0,0,8.0,44,14.954545454545455,27,0.0
Williams,2023,0,0,26.0,44,14.113636363636363,20,0.0
Williams,2024,0,0,17.0,47,15.127659574468085,33,0.0
Wolf,1976,0,0,0.0,25,18.2,25,0.0
Wolf,1977,3,9,55.0,17,9.117647058823529,9,17.65
Wolf,1978,0,4,24.0,22,12.681818181818182,15,0.0
Wolf,1979,0,0,0.0,15,16.533333333333335,15,0.0
Zakspeed,1985,0,0,0.0,10,21.0,10,0.0
Zakspeed,1986,0,0,0.0,29,16.655172413793103,29,0.0
Zakspeed,1987,0,0,2.0,32,16.0625,32,0.0
Zakspeed,1988,0,0,0.0,31,23.741935483870968,31,0.0
Zakspeed,1989,0,0,0.0,31,35.03225806451613,31,0.0
